membership_number,first_name,last_name,email,gender,active_member,cc_number
1,Filmer,McInnerny,fmcinnerny0@time.com,Male,false,3550471960986959
2,Pepillo,Grangier,pgrangier1@wikipedia.org,Male,true,5602237555048239
3,Falkner,Dudny,fdudny2@ted.com,Male,false,4026276400514392
4,Armand,Hamblin,ahamblin3@soundcloud.com,Male,true,5312219156312546
5,Darrell,Edgerly,dedgerly4@eepurl.com,Male,false,3548419054013748
6,Vickie,Rosie,vrosie5@cafepress.com,Female,true,3567287929807909
7,Tracey,Layzell,tlayzell6@artisteer.com,Male,false,6371623744662468
8,Dalis,Santry,dsantry7@rambler.ru,Male,true,5221004948414531
9,Any,Verbrugge,averbrugge8@amazon.co.uk,Male,true,3553639291837177
10,Marlie,Hendrik,mhendrik9@reverbnation.com,Female,true,3565890260195818
11,Ethel,Breckenridge,ebreckenridgea@ovh.net,Female,false,67067311901856096
12,Odelle,Craufurd,ocraufurdb@gmpg.org,Female,true,4041372554789905
13,Drusy,MacCaffrey,dmaccaffreyc@examiner.com,Female,true,30274003820938
14,Brett,Meers,bmeersd@flavors.me,Female,false,4936418642847325814
15,Pavlov,Sighard,psigharde@zdnet.com,Male,false,374283622830768
16,Al,Davinet,adavinetf@altervista.org,Male,false,6381845497720718
17,Faustine,Tancock,ftancockg@columbia.edu,Female,true,6391594570459087
18,Clemence,Abramovitz,cabramovitzh@economist.com,Female,false,3535974928758956
19,Consalve,Pauletti,cpaulettii@umn.edu,Male,false,3542086810541258
20,Osbert,Houston,ohoustonj@wikispaces.com,Male,false,5007667099220582
21,Elita,Cullen,ecullenk@friendfeed.com,Female,true,5602217529004641
22,Caryn,Hasely,chaselyl@mozilla.com,Female,true,6304354359280307705
23,Trenna,Agutter,tagutterm@1und1.de,Female,false,4903435961289944596
24,Dara,Duffer,dduffern@apache.org,Female,false,3575673414330913
25,Hildegarde,Rieme,hriemeo@tiny.cc,Female,true,3574622663156637
26,Noach,Zannelli,nzannellip@seesaa.net,Male,false,3549823545491489
27,Percy,Durrand,pdurrandq@cam.ac.uk,Male,false,4917530823497003
28,Mavis,MacTrustie,mmactrustier@cloudflare.com,Female,true,30215118443371
29,Noellyn,Lawrance,nlawrances@ted.com,Female,true,3585806634307927
30,Averell,Rackam,arackamt@twitter.com,Male,false,5002351163455540
31,Gerick,Parton,gpartonu@wufoo.com,Male,false,3530916664280161
32,Cookie,Stedell,cstedellv@tinypic.com,Female,false,3544385990778146
33,Chery,Cossem,ccossemw@uiuc.edu,Female,false,3568701763960755
34,Corrianne,Marcussen,cmarcussenx@artisteer.com,Female,false,3531382628351227
35,Riva,Lorenzo,rlorenzoy@domainmarket.com,Female,true,4844441431398849
36,Crosby,Denison,cdenisonz@taobao.com,Male,false,4041371159112
37,Andrew,Pietrowicz,apietrowicz10@hostgator.com,Male,true,67630827674087898
38,Thorndike,Ledwitch,tledwitch11@rediff.com,Male,true,3571506066037168
39,Adham,Darte,adarte12@hubpages.com,Male,false,4175003894962351
40,Ward,Frith,wfrith13@answers.com,Male,false,3536743639498452
41,Claudell,Davitt,cdavitt14@clickbank.net,Male,false,4405197545896331
42,Federica,McKenny,fmckenny15@vinaora.com,Female,true,5510041012556888
43,Bartlett,McKennan,bmckennan16@sakura.ne.jp,Male,true,3571782236512246
44,Corbet,Capron,ccapron17@hp.com,Male,false,3560722585486207
45,Bertha,Minchell,bminchell18@miitbeian.gov.cn,Female,false,3576167755664989
46,Demetrius,Jelkes,djelkes19@ow.ly,Male,true,675925522085407173
47,Bert,Gutridge,bgutridge1a@purevolume.com,Male,false,30317771073782
48,Zedekiah,Czajkowski,zczajkowski1b@squarespace.com,Male,false,675926753951389026
49,Pryce,McEttigen,pmcettigen1c@live.com,Male,false,3587760400994798
50,Shannan,Allpress,sallpress1d@miibeian.gov.cn,Male,true,6388863555601491
51,Gloria,Southern,gsouthern1e@skyrock.com,Female,false,374283744453622
52,Brianna,Perrin,bperrin1f@google.co.jp,Female,false,630419463509202916
53,Badboy,McGraw,kprickett1g@nymag.com,Male,true,3530687325235957
54,Everett,Arnaut,earnaut1h@clickbank.net,Male,true,5341363571970879
55,Doralin,Tildesley,dtildesley1i@yandex.ru,Female,false,3567018545226004
56,Romain,Hayball,rhayball1j@cam.ac.uk,Male,false,5602241914244612
57,Dominic,Cole,dcole1k@dot.gov,Male,false,3545079929337608
58,Karlotte,Mahedy,kmahedy1l@state.gov,Female,false,3528151649266093
59,Costanza,Davenell,cdavenell1m@nba.com,Female,false,4026622606708850
60,Emmerich,Crich,ecrich1n@w3.org,Male,false,4917006516089688
61,Wilone,Lapre,wlapre1o@smh.com.au,Female,true,5583208836201411
62,Opal,Bryceson,obryceson1p@auda.org.au,Female,false,4348393045835
63,Cora,Gath,cgath1q@google.nl,Female,true,503888759140651432
64,Winona,Stables,wstables1r@woothemes.com,Female,false,060424408488995603
65,Douglas,Camolli,dcamolli1s@creativecommons.org,Male,false,4911993621500863
66,Thom,Jedrzej,tjedrzej1t@chronoengine.com,Male,false,3582741985981199
67,Heath,Wratten,hwratten1u@yahoo.com,Male,true,6377204990694887
68,Armand,Sokale,asokale1v@wiley.com,Male,true,374283092232537
69,Dennet,Gajewski,dgajewski1w@cmu.edu,Male,false,3534487168961041
70,Che,Manion,cmanion1x@noaa.gov,Male,true,4917250376796020
71,Linoel,Fossick,lfossick1y@sourceforge.net,Male,true,5602248067373767
72,Merralee,Muir,mmuir1z@hostgator.com,Female,false,3568856523014341
73,Marcy,Edgars,medgars20@edublogs.org,Female,true,3534883354561555
74,Malvina,Bertelmot,mbertelmot21@howstuffworks.com,Female,false,3562656613228991
75,Garth,Bastone,gbastone22@toplist.cz,Male,false,5610538041835950
76,Carola,Kleint,ckleint23@home.pl,Female,true,3575355932200725
77,Ellsworth,Geraghty,egeraghty24@amazon.co.jp,Male,true,6709550016534526
78,Dane,Scholig,dscholig25@utexas.edu,Male,true,3550495933334690
79,Garrik,McCreery,gmccreery26@imageshack.us,Male,false,3553092007915822
80,Gran,Sheahan,gsheahan27@vkontakte.ru,Male,true,3578005461734555
81,Viviyan,Darville,vdarville28@devhub.com,Female,false,5002355806576349
82,Gale,Skermer,gskermer29@amazon.de,Female,true,372301607330521
83,Lilas,Eyre,leyre2a@bandcamp.com,Female,true,201936415965088
84,Eula,Bock,ebock2b@engadget.com,Female,true,3581796830031005
85,Case,Malek,cmalek2c@mozilla.org,Male,false,3563772691002742
86,Odey,Cham,ocham2d@nyu.edu,Male,false,5524520268095059
87,Kata,Roony,kroony2e@woothemes.com,Female,false,3541339289914717
88,Rora,Sawley,rsawley2f@vistaprint.com,Female,false,490363906791369426
89,Brandais,Oakeby,boakeby2g@g.co,Female,false,337941690761407
90,Melony,Dimic,mdimic2h@wp.com,Female,true,5227285675676319
91,Gill,Sharper,gsharper2i@histats.com,Male,true,502051702837466683
92,Emilee,Appleton,eappleton2j@globo.com,Female,false,4017953595013650
93,Urban,Blandford,ublandford2k@xinhuanet.com,Male,false,5352179242682859
94,Gusella,Vanes,gvanes2l@smh.com.au,Female,false,4996030532937575
95,Marietta,Neil,mneil2m@nature.com,Female,false,345442582638068
96,Tyrus,Gauford,tgauford2n@mail.ru,Male,false,4903857906848663491
97,Ogdan,Fuge,ofuge2o@cocolog-nifty.com,Male,false,3559201075104987
98,Bettina,Exer,bexer2p@illinois.edu,Female,false,3579733752023151
99,Jasen,Boarer,jboarer2q@skype.com,Male,false,5048377413103172
100,Kliment,Nyles,knyles2r@nba.com,Male,true,676789896862996480
101,Adam,Dimmick,adimmick@shiplake.org.uk,Male,true,12345678
